-- Seed data generated for student_db
SET FOREIGN_KEY_CHECKS=0;
TRUNCATE TABLE `studentcourses`;
TRUNCATE TABLE `students`;
TRUNCATE TABLE `courses`;
TRUNCATE TABLE `departments`;
TRUNCATE TABLE `genders`;
SET FOREIGN_KEY_CHECKS=1;

-- Genders
INSERT INTO `genders` (`GenderID`,`Name`) VALUES
(1,'Masculin'),
(2,'Féminin'),
(3,'Non-binaire');

-- Departments (10)
INSERT INTO `departments` (`DepartmentID`,`Name`) VALUES
(1,'Techniques de l\'informatique'),
(2,'Techniques de génie métallurgique'),
(3,'Techniques administratives'),
(4,'Soins infirmiers'),
(5,'Sciences humaines'),
(6,'Arts, lettres et communication'),
(7,'Techniques d\'éducation à l\'enfance'),
(8,'Techniques de génie civil'),
(9,'Techniques de comptabilité et gestion'),
(10,'Techniques de travail social');

-- Courses (30)
INSERT INTO `courses` (`CourseID`,`Name`,`Description`,`Credits`,`DepartmentID`) VALUES
(1,'Programmation 1 (C#)','Bases de la programmation : variables, conditions, boucles, fonctions.',3,1),
(2,'Bases de données 1 (MySQL)','Modélisation relationnelle, SQL SELECT/INSERT/UPDATE/DELETE.',3,1),
(3,'Services de données (API)','Consommation et création d\'API REST, JSON, Postman.',2,1),
(4,'Introduction à la métallurgie','Notions de base : matériaux, alliages, propriétés mécaniques.',2,2),
(5,'Procédés de fabrication','Usinage, soudage, mise en forme et contrôle de qualité.',3,2),
(6,'Santé et sécurité en atelier','Risques, EPI, procédures sécuritaires en laboratoire.',2,2),
(7,'Gestion 1','Organisation, planification, rôles et responsabilités en entreprise.',2,3),
(8,'Marketing de base','Segmentation, 4P, étude de marché et communication.',2,3),
(9,'Communication professionnelle','Rédaction, présentation orale, courriels professionnels.',2,3),
(10,'Fondements en soins','Hygiène, confort, mesures de base et relation d’aide.',3,4),
(11,'Pharmacologie (intro)','Principes de médicaments, posologie, sécurité.',3,4),
(12,'Approche clinique','Observation, collecte de données, notes au dossier.',2,4),
(13,'Méthodes de recherche','Question de recherche, collecte, analyse et éthique.',2,5),
(14,'Psychologie (intro)','Perception, apprentissage, motivation, développement.',2,5),
(15,'Sociologie (intro)','Culture, institutions, inégalités et changement social.',2,5),
(16,'Écriture et style','Améliorer la clarté, la structure et le style des textes.',2,6),
(17,'Analyse de médias','Lecture critique des médias et des messages publics.',2,6),
(18,'Pratique de la communication','Présenter, argumenter et adapter son message.',2,6),
(19,'Développement de l\'enfant','Étapes du développement et besoins selon l\'âge.',3,7),
(20,'Animation d\'activités','Planifier et animer des activités éducatives.',2,7),
(21,'Intervention et observation','Observer, documenter et intervenir de façon adaptée.',2,7),
(22,'Dessin technique','Plans, normes, lecture et réalisation de croquis.',2,8),
(23,'Matériaux de construction','Béton, acier, bois : propriétés et usages.',3,8),
(24,'Topographie (intro)','Mesures, nivellement et utilisation d’instruments.',2,8),
(25,'Comptabilité 1','Cycle comptable, écritures, états financiers (bases).',3,9),
(26,'Excel pour la gestion','Tableaux, formules, graphiques et tableaux croisés.',2,9),
(27,'Fiscalité (intro)','Notions de taxes, déclarations simples, règles générales.',2,9),
(28,'Intervention 1','Entrevue, écoute active, plan d’intervention (bases).',3,10),
(29,'Réseaux et ressources','Organismes, services, références et partenariats.',2,10),
(30,'Éthique professionnelle','Confidentialité, limites, dilemmes et responsabilités.',2,10);

-- Students (50)
INSERT INTO `students` (`StudentID`,`FullName`,`Email`,`Phone`,`BirthDate`,`GenderID`) VALUES
(1,'Marianne Gagnon','marianne.gagnon@etu.cegep-chicoutimi.qc.ca','418-428-2286','2000-12-09 00:00:00',2),
(2,'Sarah Gagnon','sarah.gagnon@etu.cegep-chicoutimi.qc.ca','418-230-1535','2001-10-14 00:00:00',2),
(3,'Logan Côté','logan.cote@etu.cegep-chicoutimi.qc.ca','581-425-7359','2000-09-07 00:00:00',1),
(4,'Maëva Bouchard','maeva.bouchard@etu.cegep-chicoutimi.qc.ca','581-548-4552','2000-03-23 00:00:00',2),
(5,'Thomas Côté','thomas.cote@etu.cegep-chicoutimi.qc.ca','581-299-5881','2005-02-03 00:00:00',1),
(6,'Gabriel Gagné','gabriel.gagne@etu.cegep-chicoutimi.qc.ca','581-749-2045','2004-01-24 00:00:00',1),
(7,'Mathis Gagnon','mathis.gagnon@etu.cegep-chicoutimi.qc.ca','581-791-3150','2004-11-20 00:00:00',1),
(8,'Justine Gagnon','justine.gagnon@etu.cegep-chicoutimi.qc.ca','581-281-3814','2000-11-08 00:00:00',2),
(9,'William Morin','william.morin@etu.cegep-chicoutimi.qc.ca','581-366-6065','2004-08-21 00:00:00',1),
(10,'Gabriel Côté','gabriel.cote@etu.cegep-chicoutimi.qc.ca','418-823-2803','2004-12-22 00:00:00',1),
(11,'Éva Pelletier','eva.pelletier@etu.cegep-chicoutimi.qc.ca','581-476-9125','2003-03-15 00:00:00',2),
(12,'Félix Ouellet','felix.ouellet@etu.cegep-chicoutimi.qc.ca','418-523-6572','2005-01-08 00:00:00',1),
(13,'Raphaël Gagnon','raphael.gagnon@etu.cegep-chicoutimi.qc.ca','581-417-8179','2003-10-23 00:00:00',1),
(14,'Mathis Girard','mathis.girard@etu.cegep-chicoutimi.qc.ca','418-452-9197','2007-03-09 00:00:00',1),
(15,'Éva Bouchard','eva.bouchard@etu.cegep-chicoutimi.qc.ca','581-424-2266','2006-10-13 00:00:00',2),
(16,'Florence Lavoie','florence.lavoie@etu.cegep-chicoutimi.qc.ca','418-356-2621','2001-01-28 00:00:00',2),
(17,'Sophie Morin','sophie.morin@etu.cegep-chicoutimi.qc.ca','581-741-4119','2001-07-13 00:00:00',2),
(18,'Éva Lemieux','eva.lemieux@etu.cegep-chicoutimi.qc.ca','418-898-8797','2000-11-24 00:00:00',2),
(19,'Anaïs Bouchard','anais.bouchard@etu.cegep-chicoutimi.qc.ca','581-361-7433','2005-02-10 00:00:00',2),
(20,'Émile Pelletier','emile.pelletier@etu.cegep-chicoutimi.qc.ca','418-719-1743','2004-09-25 00:00:00',1),
(21,'Marianne Bouchard','marianne.bouchard@etu.cegep-chicoutimi.qc.ca','418-752-8689','2003-03-12 00:00:00',2),
(22,'Émile Gagné','emile.gagne@etu.cegep-chicoutimi.qc.ca','418-571-5038','2005-08-01 00:00:00',1),
(23,'Félix Tremblay','felix.tremblay@etu.cegep-chicoutimi.qc.ca','418-949-7962','2003-10-03 00:00:00',1),
(24,'Liam Bélanger','liam.belanger@etu.cegep-chicoutimi.qc.ca','581-762-2705','2002-03-22 00:00:00',1),
(25,'Raphaël Fortin','raphael.fortin@etu.cegep-chicoutimi.qc.ca','418-930-5107','2006-04-18 00:00:00',1),
(26,'Ousmane Fall','ousmane.fall@etu.cegep-chicoutimi.qc.ca','581-323-4061','2004-08-17 00:00:00',1),
(27,'Salma Traoré','salma.traore@etu.cegep-chicoutimi.qc.ca','418-802-3608','2004-01-19 00:00:00',2),
(28,'Aïssatou Traoré','aissatou.traore@etu.cegep-chicoutimi.qc.ca','418-538-1160','1999-04-03 00:00:00',2),
(29,'Amadou Bah','amadou.bah@etu.cegep-chicoutimi.qc.ca','418-752-2167','2003-11-16 00:00:00',1),
(30,'Adama Ouattara','adama.ouattara@etu.cegep-chicoutimi.qc.ca','581-616-3119','2006-04-26 00:00:00',2),
(31,'Aminata Traoré','aminata.traore@etu.cegep-chicoutimi.qc.ca','581-678-0887','2005-06-14 00:00:00',2),
(32,'Seydou Fall','seydou.fall@etu.cegep-chicoutimi.qc.ca','581-311-4073','2000-01-13 00:00:00',1),
(33,'Mariam Bah','mariam.bah@etu.cegep-chicoutimi.qc.ca','581-387-4563','2007-08-05 00:00:00',2),
(34,'Sekou Bah','sekou.bah@etu.cegep-chicoutimi.qc.ca','418-251-8856','2000-08-26 00:00:00',1),
(35,'Aïssatou Traoré','aissatou.traore2@etu.cegep-chicoutimi.qc.ca','581-692-3502','2002-03-14 00:00:00',2),
(36,'Ousmane Ouattara','ousmane.ouattara@etu.cegep-chicoutimi.qc.ca','418-599-4345','1999-03-13 00:00:00',1),
(37,'Sekou Camara','sekou.camara@etu.cegep-chicoutimi.qc.ca','581-358-3111','2005-12-24 00:00:00',1),
(38,'Rokia Bah','rokia.bah@etu.cegep-chicoutimi.qc.ca','418-965-5138','1999-10-24 00:00:00',2),
(39,'Fatou Diallo','fatou.diallo@etu.cegep-chicoutimi.qc.ca','418-258-8320','2006-09-28 00:00:00',2),
(40,'Mariama El Amrani','mariama.el.amrani@etu.cegep-chicoutimi.qc.ca','418-891-3853','2001-02-20 00:00:00',2),
(41,'Ousmane Traoré','ousmane.traore@etu.cegep-chicoutimi.qc.ca','418-834-1343','2002-10-20 00:00:00',1),
(42,'Abdoulaye Fall','abdoulaye.fall@etu.cegep-chicoutimi.qc.ca','418-885-5147','2007-06-09 00:00:00',1),
(43,'Salma Camara','salma.camara@etu.cegep-chicoutimi.qc.ca','581-668-5180','2005-03-22 00:00:00',2),
(44,'Hawa Ouattara','hawa.ouattara@etu.cegep-chicoutimi.qc.ca','418-275-8808','2000-01-15 00:00:00',2),
(45,'Mariam Cissé','mariam.cisse@etu.cegep-chicoutimi.qc.ca','418-450-6054','2003-03-12 00:00:00',2),
(46,'Rokia Koné','rokia.kone@etu.cegep-chicoutimi.qc.ca','581-826-8666','2006-09-23 00:00:00',2),
(47,'Aïssatou Fall','aissatou.fall@etu.cegep-chicoutimi.qc.ca','418-337-4333','2007-05-22 00:00:00',2),
(48,'Aminata Ouattara','aminata.ouattara@etu.cegep-chicoutimi.qc.ca','418-478-4616','2000-12-18 00:00:00',2),
(49,'Koffi Bah','koffi.bah@etu.cegep-chicoutimi.qc.ca','581-717-8004','2004-04-22 00:00:00',1),
(50,'Yasmine Ouattara','yasmine.ouattara@etu.cegep-chicoutimi.qc.ca','581-483-0722','1999-02-21 00:00:00',2);

-- StudentCourses (200)
INSERT INTO `studentcourses` (`StudentCourseID`,`StudentID`,`CourseID`) VALUES
(117,30,2),
(118,30,6),
(119,30,9),
(120,30,19),
(121,31,4),
(122,31,12),
(123,31,14),
(124,31,20),
(125,32,11),
(126,32,14),
(127,32,24),
(128,32,26),
(129,33,4),
(130,33,13),
(131,33,17),
(132,33,20),
(133,34,7),
(134,34,9),
(135,34,19),
(136,34,29),
(137,35,1),
(138,35,2),
(139,35,14),
(140,35,23),
(141,36,17),
(142,36,18),
(143,36,26),
(144,36,30),
(145,37,7),
(146,37,12),
(147,37,22),
(148,37,24),
(149,38,3),
(150,38,14),
(151,38,22),
(152,38,30),
(153,39,11),
(154,39,20),
(155,39,22),
(156,39,28),
(157,40,4),
(158,40,10),
(159,40,24),
(160,40,29),
(161,41,10),
(162,41,14),
(163,41,17),
(164,41,22),
(165,42,10),
(166,42,11),
(167,42,13),
(168,42,23),
(169,43,5),
(170,43,7),
(171,43,14),
(172,43,18),
(173,44,13),
(174,44,22),
(175,44,24),
(176,44,29),
(177,45,6),
(178,45,10),
(179,45,19),
(180,45,20),
(181,46,1),
(182,46,13),
(183,46,18),
(184,46,27),
(185,47,7),
(186,47,10),
(187,47,14),
(188,47,26),
(189,48,11),
(190,48,19),
(191,48,20),
(192,48,21),
(193,49,7),
(194,49,15),
(195,49,17),
(196,49,22),
(197,50,16),
(198,50,24),
(199,50,26),
(200,50,29);

-- (Optionnel) Réactiver les vérifications FK si vous les avez désactivées ailleurs
SET FOREIGN_KEY_CHECKS=1;